,City,City latitude,City longitude,Max temperature,Humidity,Cloud coverage,Wind speed,City country,City datetime
0,Rimbey,52.63,-114.24,23.0,73,75,12.75,CA,1602912233
1,Ocampo,21.65,-101.5,51.21,86,72,16.51,MX,1602912233
2,Havre-St-Pierre,50.23,-63.6,46.4,87,90,13.87,CA,1602912234
3,Manokwari,-0.87,134.08,85.01,67,100,4.92,ID,1602912234
4,Jamestown,42.1,-79.24,32.0,87,1,5.82,US,1602912234
5,Severo-Kuril'sk,50.68,156.12,43.79,68,82,24.32,RU,1602912235
6,Rikitea,-23.12,-134.97,74.03,82,100,20.67,PF,1602912235
7,Vardø,70.37,31.11,37.94,73,100,11.41,NO,1602912235
8,Pevek,69.7,170.31,34.36,89,36,13.6,RU,1602912236
9,Talnakh,69.49,88.4,24.8,73,20,20.13,RU,1602912236
10,Kushima,31.46,131.23,62.6,77,90,6.93,JP,1602912236
11,Carnarvon,-24.87,113.63,77.0,65,0,18.34,AU,1602912236
12,Cabo San Lucas,22.89,-109.91,82.0,82,0,4.16,MX,1602912237
13,Ushuaia,-54.8,-68.3,39.2,80,6,8.05,AR,1602912084
14,Praia da Vitória,38.73,-27.07,62.01,93,40,6.73,PT,1602912238
15,Kavieng,-2.57,150.8,84.24,69,97,11.34,PG,1602912238
16,Saint-Philippe,-21.36,55.77,78.8,65,2,9.17,RE,1602912238
17,Margate,51.38,1.39,51.01,82,100,1.99,GB,1602912239
18,Qaanaaq,77.48,-69.36,28.45,89,34,5.86,GL,1602912239
19,Hamilton,39.18,-84.53,44.01,93,1,5.44,US,1602912239
20,El Dovio,4.51,-76.24,63.59,98,96,2.84,CO,1602912240
21,George Town,5.41,100.34,89.6,66,40,4.7,MY,1602912240
22,East London,-33.02,27.91,64.4,82,2,3.36,ZA,1602912194
23,Clyde River,70.47,-68.59,32.0,95,90,6.93,CA,1602912241
24,Dikson,73.51,80.55,16.34,95,4,14.92,RU,1602912242
25,Punta Arenas,-53.15,-70.92,35.6,93,40,6.93,CL,1602912030
26,Saldanha,-33.01,17.94,60.8,82,51,6.93,ZA,1602912242
27,Upernavik,72.79,-56.15,38.48,77,100,0.56,GL,1602912242
28,Tasiilaq,65.61,-37.64,35.6,69,92,10.29,GL,1602912243
29,Hermanus,-34.42,19.23,59.0,95,65,1.01,ZA,1602912243
30,Thompson,55.74,-97.86,26.6,92,90,8.05,CA,1602912244
31,Staryy Nadym,65.61,72.68,30.81,96,98,10.38,RU,1602912244
32,Mar del Plata,-38.0,-57.56,59.0,100,0,10.47,AR,1602912244
33,Yurginskoye,56.82,67.39,50.29,77,100,10.8,RU,1602912244
34,Butaritari,3.07,172.79,82.36,75,34,13.62,KI,1602912245
35,Khatanga,71.97,102.5,2.59,90,0,4.05,RU,1602912245
36,Yellowknife,62.46,-114.35,24.01,92,90,17.22,CA,1602912246
37,Carballo,43.21,-8.69,55.99,76,100,14.99,ES,1602912246
38,Geraldton,-28.77,114.6,78.8,31,90,18.34,AU,1602912246
39,Yicheng,31.37,119.87,62.01,74,5,1.01,CN,1602912247
40,Vila Franca do Campo,37.72,-25.43,62.6,72,20,4.7,PT,1602912247
41,Concepción del Uruguay,-32.48,-58.24,63.48,94,0,7.74,AR,1602912058
42,Iranshahr,27.2,60.68,77.0,9,0,9.17,IR,1602912248
43,Tsabong,-26.02,22.4,77.61,23,0,8.43,BW,1602912248
44,Hobart,-42.88,147.33,48.2,81,75,6.93,AU,1602912050
45,Tilichiki,60.47,166.1,34.95,84,42,4.54,RU,1602912249
46,Dryden,49.78,-92.75,26.6,86,90,4.7,CA,1602912249
47,Lompoc,34.64,-120.46,64.99,54,1,5.61,US,1602912249
48,Arraial do Cabo,-22.97,-42.03,68.32,78,88,2.28,BR,1602912127
49,Norman Wells,65.28,-126.83,21.2,79,90,12.75,CA,1602912250
50,Eureka,40.8,-124.16,55.99,87,1,8.05,US,1602912153
51,Capari,41.06,21.18,37.4,93,20,3.36,MK,1602912250
52,Bambous Virieux,-20.34,57.76,80.01,69,20,6.93,MU,1602912250
53,Salalah,17.02,54.09,84.2,45,20,3.31,OM,1602912251
54,Sitrah,26.15,50.62,86.0,51,0,6.93,BH,1602912251
55,Barra,-11.09,-43.14,77.14,43,11,7.87,BR,1602912252
56,Hilo,19.73,-155.09,78.8,78,1,7.92,US,1602912252
57,Manzhouli,49.6,117.43,39.29,60,18,17.56,CN,1602912252
58,Quatre Cocos,-20.21,57.76,80.01,69,20,6.93,MU,1602912253
59,Nantucket,41.28,-70.1,62.01,88,40,12.75,US,1602912254
60,Tuktoyaktuk,69.45,-133.04,23.0,79,90,19.46,CA,1602912254
61,Puerto Ayora,-0.74,-90.35,69.01,94,97,3.0,EC,1602912254
62,Bathsheba,13.22,-59.52,80.6,83,20,11.41,BB,1602912255
63,Muravlenko,63.79,74.52,29.08,94,95,30.69,RU,1602912255
64,Crixás,-14.55,-49.97,78.19,59,56,9.82,BR,1602912255
65,Atraulī,28.03,78.28,89.4,20,0,1.5,IN,1602912255
66,Port Pirie,-33.18,138.02,62.6,67,90,18.34,AU,1602912256
67,Avarua,-21.21,-159.78,73.4,73,72,8.05,CK,1602912256
68,Castro,-24.79,-50.01,51.35,89,60,9.89,BR,1602912256
69,Provideniya,64.38,-173.3,38.73,94,42,8.34,RU,1602912257
70,Cascais,38.7,-9.42,55.99,87,96,2.24,PT,1602912257
71,Hithadhoo,-0.6,73.08,83.86,73,40,19.98,MV,1602912257
72,Bredasdorp,-34.53,20.04,59.0,93,77,8.05,ZA,1602912258
73,Airai,-8.93,125.41,79.59,43,43,4.0,TL,1602912258
74,Busselton,-33.65,115.33,73.99,33,0,1.03,AU,1602912258
75,Bengkulu,-3.8,102.27,84.36,67,32,7.27,ID,1602912258
76,La Spezia,44.11,9.84,54.0,82,19,1.99,IT,1602912259
77,Emerald,-23.53,148.17,86.0,27,0,17.22,AU,1602912259
78,Atuona,-9.8,-139.03,78.6,74,3,18.77,PF,1602912259
79,Cape Town,-33.93,18.42,61.0,87,90,4.7,ZA,1602912062
80,Albany,42.6,-73.97,46.0,69,100,7.72,US,1602912260
81,San Bartolomé de Tirajana,27.92,-15.57,71.6,68,75,9.17,ES,1602912260
82,Vila Velha,-20.33,-40.29,69.8,77,90,9.17,BR,1602912082
83,Bambuí,-20.01,-45.98,64.58,89,100,5.61,BR,1602912261
84,Port Alfred,-33.59,26.89,67.19,67,30,4.81,ZA,1602912261
85,Souillac,-20.52,57.52,77.0,69,20,6.93,MU,1602912262
86,Katsuura,35.13,140.3,55.0,91,100,3.0,JP,1602912262
87,Laï,9.4,16.3,71.08,84,74,2.82,TD,1602912262
88,Lively,46.43,-81.15,32.0,95,5,8.05,CA,1602912263
89,Bethel,41.37,-73.41,45.0,96,100,1.01,US,1602912263
90,Coutances,49.05,-1.43,52.0,81,20,3.36,FR,1602912264
91,Longyearbyen,78.22,15.64,24.8,62,40,11.41,SJ,1602912264
92,Maragogi,-9.01,-35.22,74.73,87,20,8.86,BR,1602912028
93,Torbay,47.67,-52.73,46.4,100,5,3.36,CA,1602912265
94,San Cristobal,7.77,-72.22,65.61,89,95,3.56,VE,1602912265
95,Sola,-13.88,167.55,79.72,83,4,16.06,VU,1602912266
96,Leningradskiy,69.38,178.42,32.27,93,65,8.97,RU,1602912266
97,Constitución,-35.33,-72.42,52.07,91,6,1.48,CL,1602912266
98,Jeremoabo,-10.07,-38.48,68.45,88,47,9.51,BR,1602912266
99,The Valley,18.22,-63.06,79.0,88,75,8.05,AI,1602912267
100,Aswān,24.09,32.91,80.28,29,0,10.38,EG,1602912267
101,Codrington,-38.27,141.97,54.52,78,90,18.34,AU,1602912267
102,Ribeira Grande,38.52,-28.7,63.23,65,77,8.88,PT,1602912268
103,San Patricio,28.02,-97.52,62.6,88,90,10.29,US,1602912268
104,Berlevåg,70.86,29.09,36.37,78,100,8.9,NO,1602912268
105,Bogalusa,30.79,-89.85,55.0,87,1,3.36,US,1602912269
106,Yumen,40.28,97.2,56.08,30,60,19.33,CN,1602912269
107,Cherskiy,68.75,161.3,27.3,99,95,4.05,RU,1602912270
108,Skjervøy,70.03,20.97,38.84,75,100,23.6,NO,1602912101
109,Toora-Khem,52.47,96.11,42.82,63,76,3.58,RU,1602912270
110,Saint-Pierre,-21.34,55.48,78.8,65,4,9.17,RE,1602912271
111,Saint Paul Harbor,57.79,-152.41,35.6,80,1,8.05,US,1602912271
112,Lagoa,39.05,-27.98,62.82,66,88,10.4,PT,1602912271
113,Bakchar,57.02,82.07,46.9,73,100,10.36,RU,1602912271
114,La Rioja,42.25,-2.5,39.0,100,60,5.39,ES,1602912272
115,New Norfolk,-42.78,147.06,46.99,83,100,2.08,AU,1602912272
116,Magadan,59.57,150.8,34.27,76,0,10.96,RU,1602912272
117,Mīrābād,30.44,61.84,67.42,24,0,18.12,AF,1602912273
118,Krasnokamensk,50.1,118.04,35.74,76,15,11.27,RU,1602912273
119,Iqaluit,63.75,-68.51,33.8,100,90,5.82,CA,1602912274
120,Atar,20.52,-13.05,85.06,26,6,6.82,MR,1602912274
121,Falāvarjān,32.56,51.51,50.0,18,0,4.7,IR,1602912274
122,Mataura,-46.19,168.86,57.99,61,79,1.01,NZ,1602912274
123,Vaini,-21.2,-175.2,73.4,100,90,11.41,TO,1602912275
124,Borovikha,53.51,83.84,55.4,35,69,17.9,RU,1602912275
125,Micheweni,-4.97,39.83,79.84,76,27,10.25,TZ,1602912275
126,Owando,-0.48,15.9,69.76,98,57,2.59,CG,1602912276
127,Havøysund,71.0,24.66,32.0,78,40,19.46,NO,1602912276
128,Bluff,-46.6,168.33,57.99,61,50,1.01,NZ,1602912276
129,Panguna,-6.32,155.48,79.02,76,35,0.87,PG,1602912277
130,Kantang,7.41,99.52,77.0,100,75,4.7,TH,1602912277
131,Chiredzi,-21.05,31.67,70.34,69,15,7.61,ZW,1602912277
132,Ouadda,8.08,22.4,69.84,83,92,1.01,CF,1602912278
133,Erzin,36.96,36.2,71.01,78,1,0.92,TR,1602912279
134,Cayenne,4.93,-52.33,73.4,100,64,9.24,GF,1602912279
135,Wagga Wagga,-35.12,147.37,66.2,88,100,5.82,AU,1602912279
136,Cartagena,10.4,-75.51,81.55,86,42,13.73,CO,1602912280
137,Jumla,29.27,82.18,71.22,22,35,5.28,NP,1602912280
138,Letlhakane,-21.42,25.58,71.87,38,64,13.82,BW,1602912280
139,Kamenka,51.32,42.77,45.0,92,27,8.25,RU,1602912281
140,Horsham,51.06,-0.33,48.99,100,75,4.7,GB,1602912281
141,Kelso,46.15,-122.91,57.99,93,90,4.7,US,1602912281
142,Nikolskoye,59.7,30.79,33.01,83,84,2.24,RU,1602912282
143,Santa Maria,-29.68,-53.81,57.04,88,0,7.14,BR,1602912042
144,Körfez,40.78,29.73,68.0,100,54,2.24,TR,1602912283
145,Tateyama,34.98,139.87,57.2,93,75,23.04,JP,1602912283
146,Khuzdar,27.74,66.64,73.6,16,2,2.89,PK,1602912283
147,Kapaa,22.08,-159.32,80.6,78,20,12.75,US,1602912284
148,Hofn,64.25,-15.21,42.17,85,100,10.02,IS,1602912284
149,Fort Nelson,58.81,-122.7,15.8,78,20,6.93,CA,1602912284
150,Port Hardy,50.7,-127.42,48.2,87,5,10.29,CA,1602912285
151,Culpeper,38.5,-77.97,46.99,93,1,4.7,US,1602912285
152,Aklavik,68.22,-135.01,6.8,77,5,4.7,CA,1602912285
153,Sri Aman,1.24,111.46,91.4,63,40,4.7,MY,1602912285
154,Saint George,37.1,-113.58,64.99,13,1,3.36,US,1602912286
155,Carauari,-4.88,-66.9,73.02,97,58,1.97,BR,1602912286
156,Araouane,18.9,-3.53,86.32,15,0,11.41,ML,1602912286
157,Georgiyevka,43.04,74.71,57.2,35,0,4.47,KZ,1602912287
158,San Antonio,29.42,-98.49,66.2,52,90,8.05,US,1602912107
159,La Tuque,47.43,-72.78,37.2,92,98,1.77,CA,1602912287
160,São João da Barra,-21.64,-41.05,68.23,83,100,10.42,BR,1602912287
161,Whitehorse,60.72,-135.05,17.01,52,90,16.11,CA,1602912004
162,Yangi Marg`ilon,40.43,71.72,64.4,39,7,2.24,UZ,1602912288
163,Cockburn Town,21.46,-71.14,83.73,79,68,18.63,TC,1602912289
164,Chokurdakh,70.63,147.92,27.68,98,100,5.7,RU,1602912289
165,Keokuk,40.4,-91.38,42.8,58,40,4.7,US,1602912289
166,Sitka,57.05,-135.33,44.6,70,20,8.05,US,1602912289
167,Umluj,25.02,37.27,88.45,33,0,4.76,SA,1602912290
168,La Ronge,55.1,-105.28,24.8,68,90,14.99,CA,1602912290
169,Diego de Almagro,-26.37,-70.05,57.13,35,0,1.03,CL,1602912290
170,Zliten,32.47,14.57,72.05,67,100,12.82,LY,1602912290
171,Mount Isa,-20.73,139.5,98.6,13,0,6.93,AU,1602912291
172,Barrow,71.29,-156.79,17.6,72,1,20.8,US,1602912291
173,Pargas,60.31,22.3,46.99,93,75,1.12,FI,1602912291
174,Lorengau,-2.02,147.27,83.71,77,97,7.52,PG,1602912292
175,Isangel,-19.55,169.27,78.8,83,75,9.17,VU,1602912292
176,Adrar,20.5,-10.07,83.26,19,0,9.33,MR,1602912292
177,Muisne,0.6,-80.03,74.82,87,81,7.2,EC,1602912293
178,Novy Urengoy,66.08,76.63,30.54,99,100,13.85,RU,1602912293
179,Acapulco de Juárez,16.86,-99.89,80.28,77,91,3.02,MX,1602912262
180,Ndélé,8.41,20.65,71.26,87,77,2.44,CF,1602912294
181,Bosanci,47.58,26.32,50.0,93,90,8.05,RO,1602912294
182,Moussoro,13.64,16.49,82.74,29,41,0.38,TD,1602912294
183,Buncrana,55.13,-7.45,41.74,89,8,3.74,IE,1602912295
184,Richards Bay,-28.78,32.04,69.69,76,12,9.6,ZA,1602912295
185,Port Macquarie,-31.43,152.92,82.0,51,90,1.99,AU,1602912060
186,Tomatlán,19.93,-105.25,77.32,93,32,3.04,MX,1602912296
187,Mahibadhoo,3.78,72.97,82.04,77,27,13.51,MV,1602912296
188,Lata,40.16,-8.33,52.0,92,100,1.41,PT,1602912297
189,Khorramshahr,30.44,48.17,78.8,41,0,6.93,IR,1602912297
190,Northam,51.03,-4.22,48.99,88,2,3.0,GB,1602912297
191,Lubango,-14.92,13.49,64.15,74,100,2.24,AO,1602912297
192,Bayevo,53.28,80.77,53.46,43,100,16.42,RU,1602912298
193,Khani,41.96,42.96,55.4,93,0,2.24,GE,1602912298
194,Nouadhibou,20.93,-17.03,75.2,60,0,16.11,MR,1602912299
195,Nanortalik,60.14,-45.24,40.17,78,100,10.45,GL,1602912299
196,Zhuhai,22.28,113.57,80.6,69,40,19.46,CN,1602912299
197,Asău,46.43,26.4,50.0,98,100,2.35,RO,1602912300
198,Dunedin,-45.87,170.5,48.0,70,65,28.01,NZ,1602912053
199,Yulara,-25.24,130.99,98.6,11,52,12.75,AU,1602912300
200,Zavetnoye,47.12,43.89,65.64,52,0,2.86,RU,1602912301
201,Sabha,27.04,14.43,74.91,20,6,13.71,LY,1602912301
202,Novo Aripuanã,-5.12,-60.38,75.07,87,41,1.92,BR,1602912301
203,Havelock,34.88,-76.9,57.99,88,90,10.27,US,1602912302
204,Wawina,15.42,-84.43,72.9,94,100,2.46,HN,1602912302
205,Warmbad,-28.45,18.73,70.54,23,0,3.24,NA,1602912302
206,Tiksi,71.69,128.87,26.04,98,100,8.23,RU,1602912303
207,Cap Malheureux,-19.98,57.61,80.01,61,1,8.99,MU,1602912304
208,Mandalgovi,45.76,106.27,45.63,51,73,10.89,MN,1602912304
209,Salym,60.06,71.48,34.12,86,53,8.7,RU,1602912304
210,Stege,54.99,12.28,45.0,95,23,14.14,DK,1602912305
211,Zyryanka,65.75,150.85,29.53,99,100,8.43,RU,1602912305
212,Chui,-33.7,-53.46,55.36,95,0,8.77,UY,1602912305
213,Makkaveyevo,51.75,113.95,37.4,34,40,13.42,RU,1602912306
214,Marawi,8.0,124.29,82.99,80,62,5.01,PH,1602912306
215,Coos Bay,43.37,-124.22,57.2,100,90,5.82,US,1602912167
216,Ust'-Omchug,61.15,149.63,23.29,82,57,4.9,RU,1602912307
217,Saskylakh,71.92,114.08,8.15,94,96,5.35,RU,1602912307
218,Orotina,9.91,-84.52,71.6,78,48,12.75,CR,1602912308
219,Chaumont,48.12,5.13,46.0,93,81,4.61,FR,1602912308
220,Esperance,-33.87,121.9,64.4,59,29,13.87,AU,1602912308
221,Sinnamary,5.38,-52.95,77.59,84,23,9.84,GF,1602912308
222,Ugoofaaru,5.67,73.0,82.2,76,64,10.71,MV,1602912309
223,Mildura,-34.2,142.15,62.6,72,90,11.41,AU,1602912178
224,Zhireken,52.82,117.31,29.21,72,49,11.3,RU,1602912309
225,Clarence Town,-32.58,151.78,87.01,61,72,10.29,AU,1602912310
226,Ucluelet,48.93,-125.55,54.0,92,98,2.82,CA,1602912099
227,San Fernando del Valle de Catamarca,-28.47,-65.79,75.0,57,1,7.0,AR,1602912246
228,Lākheri,25.67,76.17,87.8,55,75,1.12,IN,1602912311
229,Safi,32.3,-9.24,60.31,76,2,6.31,MA,1602912311
230,Kununurra,-15.77,128.73,98.6,30,0,12.75,AU,1602912257
231,Ures,29.43,-110.4,81.0,50,37,1.01,MX,1602912312
232,Matonga,-2.38,34.08,73.72,49,27,5.37,TZ,1602912313
233,Røros,62.57,11.38,28.4,100,94,6.93,NO,1602912313
234,Kachug,53.96,105.88,34.23,76,95,7.23,RU,1602912313
235,Calvinia,-31.47,19.78,53.6,34,0,3.36,ZA,1602912314
236,Muzhi,65.37,64.67,29.28,98,100,15.32,RU,1602912314
237,Te Anau,-45.42,167.72,51.31,71,64,1.79,NZ,1602912315
238,Port Elizabeth,-33.92,25.57,60.8,93,80,2.24,ZA,1602912315
239,Iraquara,-12.25,-41.62,66.42,83,28,7.47,BR,1602912316
240,Ciudad Bolivar,8.12,-63.55,78.66,79,64,8.81,VE,1602912316
241,Cairns,-16.92,145.77,84.2,48,2,14.99,AU,1602912169
242,Faanui,-16.48,-151.75,79.59,80,22,7.72,PF,1602912316
243,Careiro da Várzea,-3.2,-59.81,80.6,83,9,2.24,BR,1602912317
244,Ondangwa,-17.92,15.95,73.4,26,51,4.7,NA,1602912318
245,Manicoré,-5.81,-61.3,74.08,93,100,2.24,BR,1602912318
246,Touros,-5.2,-35.46,73.4,88,20,4.7,BR,1602912318
247,Pangnirtung,66.15,-65.71,37.29,84,100,3.56,CA,1602912319
248,Carndonagh,55.25,-7.27,42.89,90,8,4.16,IE,1602912319
249,Ghanzi,-21.57,21.78,69.62,27,66,10.89,BW,1602912319
250,Rapid Valley,44.06,-103.15,48.99,81,90,11.41,US,1602912320
251,Sakakah,29.97,40.21,69.8,24,0,3.62,SA,1602912320
252,Ransang,8.96,117.58,83.1,73,100,5.66,PH,1602912320
253,Ahipara,-35.17,173.17,57.56,57,26,6.02,NZ,1602912321
254,Kostomuksha,64.57,30.58,33.51,94,100,9.35,RU,1602912321
255,Tuatapere,-46.13,167.68,57.99,61,62,1.01,NZ,1602912322
256,Dehlorān,32.69,47.27,83.07,14,0,1.92,IR,1602912322
257,Bahawalpur,29.4,71.68,93.79,10,0,6.76,PK,1602912322
258,Pilikwe,-22.8,27.19,66.74,69,0,11.99,BW,1602912322
259,Kannapolis,35.49,-80.62,54.0,71,75,8.05,US,1602912323
260,Biak,-0.91,122.88,76.59,84,100,4.56,ID,1602912323
261,Aberdeen,57.14,-2.1,44.6,93,90,11.41,GB,1602912323
262,Kyabé,9.45,18.94,72.03,93,34,3.18,TD,1602912324
263,Sisimiut,66.94,-53.67,41.0,86,100,27.29,GL,1602912324
264,Ulaangom,49.98,92.07,44.71,58,8,0.47,MN,1602912325
265,Petropavlovsk-Kamchatskiy,53.05,158.65,41.0,68,75,8.95,RU,1602912304
266,Ostrovnoy,68.05,39.51,32.04,94,78,11.23,RU,1602912325
267,Bonthe,7.53,-12.51,77.02,84,74,1.28,SL,1602912325
268,Weyburn,49.67,-103.85,30.0,87,100,5.99,CA,1602912326
269,Camacha,33.08,-16.33,62.6,77,20,2.24,PT,1602912326
270,Rockport,28.02,-97.05,64.99,93,90,10.29,US,1602912326
271,Halifax,44.65,-63.57,50.0,98,72,6.04,CA,1602912128
272,Chapais,49.78,-74.85,28.4,100,1,2.24,CA,1602912327
273,Bada,51.39,109.87,34.65,73,68,12.24,RU,1602912327
274,Passo Fundo,-28.26,-52.41,55.89,77,2,13.62,BR,1602912327
275,Salinópolis,-0.61,-47.36,78.94,83,21,9.62,BR,1602912328
276,Zhuanghe,39.7,122.99,67.1,35,0,16.17,CN,1602912328
277,Chernukha,55.6,43.76,33.96,91,0,6.22,RU,1602912329
278,Achit,56.8,57.9,33.87,93,100,15.64,RU,1602912329
279,Mossamedes,-15.2,12.15,70.99,67,93,2.84,AO,1602912329
280,Gravdal,68.12,13.5,42.03,72,100,16.51,NO,1602912330
281,Kampot,10.62,104.18,82.4,88,75,8.05,KH,1602912330
282,Sechura,-5.56,-80.82,65.26,80,55,7.43,PE,1602912330
283,Muros,42.78,-9.06,53.01,89,100,5.01,ES,1602912330
284,Fougamou,-1.22,10.58,73.4,92,100,0.87,GA,1602912331
285,Karratha,-20.74,116.85,85.62,34,0,20.65,AU,1602912032
286,Sirajganj,24.45,89.72,86.72,69,0,8.32,BD,1602912331
287,Laguna,38.42,-121.42,69.01,52,1,2.68,US,1602912331
288,Kāvali,14.92,79.98,88.66,57,46,5.7,IN,1602912332
289,Nioro,13.35,-15.75,76.21,90,90,4.47,GM,1602912332
290,Butembo,0.15,29.28,60.31,96,79,2.17,CD,1602912332
291,Antalaha,-14.9,50.28,76.93,63,1,6.69,MG,1602912333
292,Mata,40.68,-7.46,44.01,88,100,1.83,PT,1602912333
293,Coahuayana Viejo,18.73,-103.68,79.54,89,100,1.92,MX,1602912333
294,Naukot,24.86,69.4,97.81,22,45,12.97,PK,1602912334
295,Hasaki,35.73,140.83,54.0,100,75,10.29,JP,1602912334
296,Abu Dhabi,24.47,54.37,84.2,35,0,3.36,AE,1602912197
297,Dakar,14.69,-17.44,78.8,94,20,5.82,SN,1602912161
298,Merauke,-8.47,140.33,83.95,64,48,18.3,ID,1602912305
299,Bethanien,-26.5,17.16,70.45,21,0,0.67,NA,1602912335
300,Ponta do Sol,32.67,-17.1,64.4,77,20,5.82,PT,1602912336
301,Broome,42.25,-75.83,37.99,100,90,8.05,US,1602912117
302,Sioux Lookout,50.1,-91.92,28.4,74,90,3.36,CA,1602912336
303,Buy,58.48,41.53,32.25,96,3,5.77,RU,1602912337
304,Centralia,46.72,-122.95,59.0,100,100,4.68,US,1602912337
305,Yanta,36.24,115.67,71.92,22,0,10.09,CN,1602912337
306,Kruisfontein,-34.0,24.73,65.91,62,84,7.56,ZA,1602912338
307,Homer,59.64,-151.55,41.0,64,1,5.82,US,1602912338
308,Amahai,-3.33,128.92,83.19,74,48,7.27,ID,1602912338
309,Eatonton,33.33,-83.39,53.01,74,0,5.41,US,1602912339
310,Kovūr,14.48,79.98,90.14,54,51,6.67,IN,1602912339
311,Toamasina,-18.17,49.38,80.6,69,40,4.7,MG,1602912339
312,Wiwilí,13.63,-85.83,71.22,88,99,2.64,NI,1602912340
313,Cascavel,-24.96,-53.46,60.67,85,37,9.6,BR,1602912340
314,Utamysh,42.41,47.75,62.6,72,20,4.47,RU,1602912340
315,Cândido Mendes,-1.45,-45.72,75.43,91,23,4.27,BR,1602912341
316,Bijie,27.31,105.29,47.17,89,100,1.41,CN,1602912341
317,Bowen,-20.02,148.23,82.4,39,0,12.75,AU,1602912225
318,Harstad,68.8,16.53,39.2,93,100,9.17,NO,1602912342
319,Yar-Sale,66.83,70.83,30.25,98,100,25.84,RU,1602912342
320,Potchefstroom,-26.72,27.1,69.87,47,0,18.14,ZA,1602912170
321,Walvis Bay,-22.96,14.51,57.0,93,38,3.36,NA,1602912343
322,Serebryanyy Bor,56.8,124.8,20.82,91,100,12.33,RU,1602912343
323,Mariehamn,60.1,19.93,44.6,70,75,3.36,AX,1602912343
324,Berdigestyakh,62.1,126.7,22.78,91,100,10.16,RU,1602912344
325,Khovd,48.01,91.64,44.08,50,0,3.44,MN,1602912295
326,Rio Claro,-22.41,-47.56,64.0,68,75,7.36,BR,1602912344
327,Krasnosel'kup,65.7,82.47,32.41,98,100,17.85,RU,1602912344
328,Flinders,-34.58,150.86,75.0,72,100,5.01,AU,1602912345
329,Spring Hill,28.48,-82.53,73.0,94,1,4.7,US,1602912049
330,Ixtlahuacán del Río,20.87,-103.25,66.2,55,40,4.7,MX,1602912345
331,Ferrol,43.48,-8.24,55.99,76,100,14.99,ES,1602912346
332,Grand-Santi,4.25,-54.38,71.04,87,7,3.02,GF,1602912346
333,Rabo de Peixe,37.8,-25.58,62.6,72,20,4.7,PT,1602912346
334,Ilulissat,69.22,-51.1,48.2,61,100,14.99,GL,1602912347
335,Hong Kong,22.29,114.16,82.99,62,47,10.0,HK,1602912347
336,Kostanay,53.17,63.58,55.4,42,88,17.9,KZ,1602912347
337,Progreso,21.28,-89.67,77.0,88,5,4.7,MX,1602912348
338,Korla,41.76,86.15,59.72,31,0,3.56,CN,1602912348
339,Kochubey,44.39,46.58,62.06,74,0,1.79,RU,1602912348
340,Gornopravdinsk,60.05,69.9,33.84,87,59,7.34,RU,1602912349
341,Zambezi,-13.54,23.1,69.82,46,0,9.24,ZM,1602912349
342,Vostok,46.49,135.88,42.48,62,6,9.53,RU,1602912350
343,La Macarena,2.18,-73.78,70.88,97,36,2.19,CO,1602912350
344,Salekhard,66.53,66.6,29.08,98,100,19.84,RU,1602912350
345,Sabang,5.89,95.32,84.02,71,84,22.19,ID,1602912351
346,Ruidoso,33.33,-105.67,48.2,42,1,9.17,US,1602912351
347,Port Lincoln,-34.73,135.87,56.68,63,98,12.44,AU,1602912351
348,Khedbrahma,24.03,73.05,88.9,55,84,11.41,IN,1602912352
349,Puri,19.8,85.85,86.0,84,40,4.7,IN,1602912352
350,Palencia,42.42,-4.5,35.01,83,100,1.81,ES,1602912352
351,Lavrentiya,65.58,-171.0,38.75,93,100,8.68,RU,1602912353
352,Jalu,29.03,21.55,75.61,34,0,13.35,LY,1602912353
353,Labuhan,-6.88,112.21,89.6,50,86,7.49,ID,1602912353
354,Narsaq,60.92,-46.05,37.4,79,100,4.7,GL,1602912354
355,Sémbé,1.65,14.58,69.19,95,100,2.08,CG,1602912354
356,Verkhnyaya Inta,65.98,60.31,27.66,98,100,13.04,RU,1602912355
357,Nome,64.5,-165.41,39.2,86,90,27.51,US,1602912355
358,Lüderitz,-26.65,15.16,67.91,35,1,13.6,NA,1602912356
359,Maraã,-1.83,-65.37,73.47,89,30,1.7,BR,1602912356
360,Emba,48.83,58.14,57.18,36,40,14.94,KZ,1602912356
361,Bilibino,68.05,166.44,28.74,97,100,3.76,RU,1602912356
362,Sheffield,53.38,-1.47,46.99,94,89,5.88,GB,1602912357
363,Flin Flon,54.77,-101.86,23.11,92,39,8.88,CA,1602912357
364,Avera,33.19,-82.53,53.6,87,1,8.05,US,1602912358
365,Nouakchott,18.09,-15.98,82.4,42,13,13.87,MR,1602912256
366,Rocha,-34.48,-54.33,51.58,96,2,7.87,UY,1602912358
367,Mehamn,71.04,27.85,35.55,80,100,10.83,NO,1602912358
368,Pringsewu,-5.36,104.97,88.0,61,35,7.38,ID,1602912359
369,Samaná,19.21,-69.34,77.79,87,74,4.45,DO,1602912130
370,Pāsighāt,28.07,95.33,89.35,49,0,3.89,IN,1602912359
371,Río Gallegos,-51.62,-69.22,44.6,70,75,5.82,AR,1602912086
372,Ixtapa,20.7,-105.2,84.2,83,40,2.24,MX,1602912360
373,Galveston,29.37,-94.97,68.0,64,90,9.17,US,1602912360
374,Laas,46.62,10.7,42.01,100,40,5.82,IT,1602912361
375,Port Blair,11.67,92.75,83.57,75,89,13.38,IN,1602912361
376,Odienné,9.51,-7.57,70.39,93,86,1.81,CI,1602912361
377,Cidreira,-30.18,-50.21,63.64,79,1,18.7,BR,1602912361
378,Derzhavīnsk,51.1,66.32,57.42,37,100,22.62,KZ,1602912362
379,Husavik,66.04,-17.34,37.4,93,90,6.93,IS,1602912362
380,Oudtshoorn,-33.59,22.2,60.8,67,80,2.24,ZA,1602912363
381,Bo`ka,40.81,69.2,66.2,29,0,4.7,UZ,1602912363
382,Turka,49.15,23.03,46.0,96,100,11.01,UA,1602912363
383,Makīnsk,52.63,70.42,54.91,41,98,21.43,KZ,1602912364
384,Timrå,62.49,17.33,43.0,74,59,4.7,SE,1602912364
385,West Bay,19.37,-81.42,84.0,84,100,3.0,KY,1602912364
386,Rawson,-43.3,-65.1,65.44,52,0,1.21,AR,1602912365
387,Caravelas,-17.71,-39.25,72.84,85,100,10.22,BR,1602912152
388,Kloulklubed,7.04,134.26,75.2,94,90,8.05,PW,1602912249
389,Parelhas,-6.69,-36.66,69.55,85,63,11.27,BR,1602912366
390,Meulaboh,4.14,96.13,84.36,69,92,5.82,ID,1602912366
391,Harper,4.38,-7.72,77.11,85,89,4.45,LR,1602912366
392,Novikovo,51.15,37.89,47.05,84,48,9.31,RU,1602912367
393,Thanh Hoa,19.8,105.77,67.15,84,100,15.39,VN,1602912367
394,San Carlos del Zulia,9.0,-71.91,76.93,82,78,2.86,VE,1602912368
395,Hobyo,5.35,48.53,81.14,75,2,15.73,SO,1602912368
396,Kaitangata,-46.28,169.85,51.01,68,85,15.99,NZ,1602912368
397,Kahului,20.89,-156.47,82.4,65,40,5.82,US,1602912368
398,Srednekolymsk,67.45,153.68,24.93,97,84,8.88,RU,1602912369
399,Belinsky,52.96,43.42,40.12,72,52,7.63,RU,1602912369
400,Yatou,37.15,122.38,65.46,28,0,4.61,CN,1602912369
401,Namatanai,-3.67,152.43,84.47,65,100,8.03,PG,1602912370
402,Mahébourg,-20.41,57.7,77.0,69,20,6.93,MU,1602912370
403,Qingyang,37.5,121.26,67.42,27,0,5.91,CN,1602912370
404,Koygorodok,60.45,51.0,31.96,97,92,9.33,RU,1602912370
405,Kuminskiy,58.67,66.57,33.15,96,100,3.96,RU,1602912371
406,Puerto Escondido,15.85,-97.07,79.16,76,85,5.08,MX,1602912371
407,Hargeisa,9.56,44.06,75.36,33,7,1.95,SO,1602912155
408,Esim,4.87,-2.24,76.73,87,99,5.68,GH,1602912372
409,Egvekinot,66.32,-179.17,33.06,100,100,8.9,RU,1602912372
410,At-Bashi,41.17,75.81,46.42,49,0,1.88,KG,1602912372
411,Klaksvík,62.23,-6.59,44.6,81,87,13.87,FO,1602912373
412,Marabu,4.41,114.01,89.6,62,40,3.36,MY,1602912373
413,São Félix do Xingu,-6.64,-51.99,74.91,59,41,0.83,BR,1602912373
414,Chīma,30.69,76.09,82.4,51,29,2.46,IN,1602912373
415,Kasulu,-4.58,30.1,69.8,88,40,3.58,TZ,1602912374
416,Dolinsk,47.35,142.8,55.4,35,40,15.66,RU,1602912374
417,Itoman,26.12,127.67,82.4,65,20,19.46,JP,1602912374
418,Ha Giang,22.83,104.98,74.37,59,98,2.82,VN,1602912374
419,Ruwi,23.6,58.55,84.2,45,0,5.82,OM,1602912375
420,Hastings,50.86,0.57,46.0,93,98,5.82,GB,1602912375
421,Nchelenge,-9.35,28.73,75.81,52,6,4.52,ZM,1602912376
422,Lebedinyy,58.52,125.52,17.82,94,100,13.06,RU,1602912376
423,Booué,-0.09,11.94,72.01,96,100,1.68,GA,1602912377
424,Tegul'det,57.31,88.17,46.56,71,100,13.91,RU,1602912377
425,Paraopeba,-19.28,-44.4,62.6,100,75,9.17,BR,1602912377
426,Buraidah,26.33,43.98,66.2,34,0,1.48,SA,1602912378
427,Valparaíso,-33.04,-71.63,53.6,100,90,3.36,CL,1602912378
428,Juneau,58.3,-134.42,37.0,43,20,9.17,US,1602912379
429,Nadym,65.53,72.52,30.97,96,97,9.08,RU,1602912379
430,Mt. Pleasant,32.79,-79.86,66.99,100,40,13.65,US,1602912369
431,Hatillo,18.49,-66.83,75.0,93,35,7.96,PR,1602912380
432,Batticaloa,7.71,81.69,86.09,47,73,2.89,LK,1602912380
433,Katherine,-14.47,132.27,98.6,25,40,4.7,AU,1602912380
434,Buin,-33.73,-70.75,62.01,81,0,1.92,CL,1602912381
435,Dombarovskiy,50.76,59.54,56.8,37,98,20.07,RU,1602912381
436,Vao,-22.67,167.48,69.91,70,0,14.72,NC,1602912382
437,Zhezkazgan,47.8,67.71,58.32,34,44,5.19,KZ,1602912382
438,Dalby,-27.18,151.27,86.0,25,90,6.93,AU,1602912382
439,Tashara,55.52,83.51,49.24,60,86,15.68,RU,1602912383
440,Banda Aceh,5.56,95.32,88.14,56,95,16.26,ID,1602912144
441,Pandan,14.05,124.17,86.61,66,46,7.54,PH,1602912383
442,Hof,50.32,11.92,42.01,99,100,8.01,DE,1602912384
443,São Benedito do Rio Preto,-3.33,-43.53,73.71,95,7,3.2,BR,1602912384
444,Port Hedland,-20.32,118.57,91.4,33,0,18.34,AU,1602912384
445,Ketchikan,55.34,-131.65,44.6,93,75,5.82,US,1602912220
446,Darnah,32.77,22.64,81.14,31,1,28.86,LY,1602912385
447,Lloydminster,53.28,-110.0,19.4,52,20,11.41,CA,1602912222
448,Ancud,-41.87,-73.82,48.99,93,75,10.29,CL,1602912373
449,Kumano,34.34,132.59,64.4,87,75,4.7,JP,1602912386
450,Olinda,-8.01,-34.86,78.8,78,40,9.17,BR,1602912386
451,Saint-Louis,16.33,-15.0,87.13,25,0,1.14,SN,1602912387
452,Acheng,45.55,126.98,57.2,33,58,17.9,CN,1602912387
453,Dalvik,65.97,-18.53,37.4,93,90,6.93,IS,1602912388
454,Shilong,23.11,113.84,87.01,57,75,13.42,CN,1602912388
455,Kushiro,42.98,144.37,57.2,58,20,11.41,JP,1602912388
456,Dongsheng,39.82,109.98,51.78,35,0,9.42,CN,1602912389
457,Lebu,-37.62,-73.65,49.57,93,79,2.86,CL,1602912389
458,Viedma,-40.81,-63.0,73.99,54,0,7.0,AR,1602912389
459,Troitskoye,52.98,84.68,53.6,45,74,14.61,RU,1602912390
460,Bubaque,11.28,-15.83,81.82,87,86,10.2,GW,1602912390
461,Kochevo,59.6,54.31,32.88,92,100,10.89,RU,1602912390
462,Brae,60.4,-1.35,42.8,87,100,5.82,GB,1602912391
463,Kilcullen,53.13,-6.74,50.0,81,75,4.7,IE,1602912391
464,Kudahuvadhoo,2.67,72.89,82.33,78,54,15.97,MV,1602912391
465,Guna,24.65,77.32,88.52,51,0,11.7,IN,1602912391
466,Kambove,-10.88,26.6,65.1,69,8,7.25,CD,1602912392
467,Santa Luzia,-19.77,-43.85,62.6,100,75,9.17,BR,1602912392
468,Vawkavysk,53.16,24.45,39.2,86,75,8.95,BY,1602912393
469,Cervo,43.67,-7.41,44.01,1,100,7.29,ES,1602912393
470,Fortuna,40.6,-124.16,55.99,93,1,8.05,US,1602912359
471,Alofi,-19.06,-169.92,77.0,88,100,8.05,NU,1602912380
472,Bagé,-31.33,-54.11,57.2,87,0,14.99,BR,1602912394
473,Muyezerskiy,63.93,31.65,34.93,90,100,10.69,RU,1602912394
474,Ossora,59.24,163.07,38.79,72,11,10.13,RU,1602912394
475,George,-33.96,22.46,60.8,67,97,2.24,ZA,1602912395
476,Nyurba,63.28,118.33,24.71,86,19,8.55,RU,1602912395
477,Baker City,44.77,-117.83,60.8,44,75,8.05,US,1602912395
478,São José da Coroa Grande,-8.9,-35.15,75.13,85,20,8.97,BR,1602912396
479,Lodja,-3.48,23.43,69.93,96,97,1.77,CD,1602912396
480,Abu Samrah,35.3,37.18,64.22,76,0,4.45,SY,1602912396
481,Pārsābād,39.65,47.92,57.2,100,0,6.93,IR,1602912396
482,Plettenberg Bay,-34.05,23.37,66.2,62,92,7.07,ZA,1602912397
483,Leshukonskoye,64.9,45.76,30.96,97,80,6.87,RU,1602912397
484,Taltal,-25.4,-70.48,59.16,68,4,3.58,CL,1602912397
485,Mahanoro,-19.9,48.8,77.65,68,24,4.85,MG,1602912398
486,Charters Towers,-20.1,146.27,88.39,16,0,10.4,AU,1602912398
487,San Policarpo,12.18,125.51,83.98,79,70,9.46,PH,1602912398
488,Poum,-20.23,164.02,72.93,81,47,15.66,NC,1602912398
489,Vaitape,-16.52,-151.75,80.44,79,22,7.72,PF,1602912399
490,Aksu,41.12,80.26,60.69,30,0,0.94,CN,1602912399
491,Kidal,18.44,1.41,82.38,16,0,9.15,ML,1602912400
492,Kassala,15.45,36.4,84.0,35,0,4.38,SD,1602912400
493,Udachny,66.42,112.4,15.8,85,0,2.24,RU,1602912401
494,Magdagachi,53.45,125.8,32.05,86,55,11.25,RU,1602912401
495,Turukhansk,65.82,87.98,28.96,98,100,17.63,RU,1602912401
496,Topolobampo,25.6,-109.05,82.99,89,0,5.01,MX,1602912401
497,Los Llanos de Aridane,28.66,-17.92,68.0,77,99,8.05,ES,1602912402
498,Hambantota,6.12,81.12,87.8,62,75,10.29,LK,1602912402
499,Helena,46.59,-112.04,48.99,65,90,20.8,US,1602912403
500,Bay Roberts,47.6,-53.26,46.4,100,5,3.36,CA,1602912403
501,Mount Gambier,-37.83,140.77,57.2,71,40,16.11,AU,1602912403
502,Bisira,8.52,-81.71,57.92,100,100,3.4,PA,1602912403
503,Vinh,18.67,105.67,68.38,89,100,21.34,VN,1602912404
504,Bandarbeyla,9.49,50.81,81.5,73,0,17.25,SO,1602912404
505,Makkah al Mukarramah,21.43,39.83,90.48,11,0,5.39,SA,1602912404
506,Batemans Bay,-35.72,150.18,71.01,69,100,4.0,AU,1602912404
507,Roald,62.58,6.13,44.6,87,75,12.75,NO,1602912405
508,Henties Bay,-22.12,14.28,57.0,94,20,3.0,NA,1602912405
509,Arroyo de la Encomienda,41.61,-4.8,35.6,80,100,4.7,ES,1602912405
510,Westport,41.14,-73.36,48.2,87,90,13.87,US,1602912406
511,Dothan,31.22,-85.39,59.0,67,1,5.82,US,1602912406
512,Olafsvik,64.89,-23.71,46.62,86,100,1.25,IS,1602912383
513,Palauig,15.44,119.9,84.65,72,80,5.39,PH,1602912407
514,Ca Mau,9.18,105.15,86.63,68,100,13.31,VN,1602912407
515,Iki-Burul,45.82,44.65,62.6,63,0,3.69,RU,1602912407
516,Yablonovo,50.85,37.36,48.2,100,75,8.95,RU,1602912407
517,Dingle,11.0,122.67,85.78,74,77,5.35,PH,1602912408
518,Cabedelo,-6.98,-34.83,75.2,94,40,3.36,BR,1602912146
519,Srandakan,-7.94,110.25,84.99,62,86,11.59,ID,1602912408
520,Maumelle,34.87,-92.4,48.0,87,90,4.16,US,1602912172
521,Pasni,25.26,63.47,83.44,27,52,25.77,PK,1602912409
522,Vila do Maio,15.13,-23.22,75.2,88,99,3.36,CV,1602912409
523,Saint Anthony,45.02,-93.22,37.99,64,1,7.83,US,1602912409
524,Hūn,29.13,15.95,76.15,26,69,2.39,LY,1602912410
525,Gushi,34.64,109.58,66.63,28,0,5.44,CN,1602912410
526,Rudraprayāg,30.28,78.98,85.95,21,1,0.72,IN,1602912410
527,Fairbanks,64.84,-147.72,17.6,78,75,5.82,US,1602912395
528,Balyqshy,47.07,51.87,59.0,67,58,11.18,KZ,1602912411
529,Vestmanna,62.16,-7.17,44.6,81,80,13.87,FO,1602912411
530,Sovetskiy,61.36,63.58,33.15,87,67,8.57,RU,1602912411
531,Grand Gaube,-20.01,57.66,80.01,61,1,8.99,MU,1602912412
532,Laela,-8.57,32.05,67.48,65,28,4.76,TZ,1602912412
533,Assaré,-6.87,-39.88,64.65,85,19,3.36,BR,1602912412
534,Kingman,35.19,-114.05,71.01,14,1,11.41,US,1602912413
535,Fayetteville,35.05,-78.88,55.4,76,75,10.29,US,1602912158
536,Bilma,18.69,12.92,82.11,18,0,6.82,NE,1602912413
537,Ýpsonas,34.69,32.96,68.0,77,20,2.24,CY,1602912414
538,Paamiut,61.99,-49.67,43.2,78,100,39.57,GL,1602912414
539,Alyangula,-13.85,136.42,89.6,49,90,9.17,AU,1602912414
540,Borogontsy,62.67,131.17,21.11,95,100,5.88,RU,1602912415
541,Teguise,29.06,-13.56,66.2,77,20,6.93,ES,1602912415
542,Senno,59.53,33.92,35.91,93,94,5.37,RU,1602912415
543,Mukhen,48.1,136.1,47.68,51,34,12.15,RU,1602912416
544,Nianzishan,47.52,122.88,51.44,44,100,17.94,CN,1602912416
545,Tadine,-21.55,167.88,72.28,70,25,14.54,NC,1602912417
546,Qasigiannguit,68.82,-51.19,48.2,61,100,14.99,GL,1602912417
547,Cukai,4.25,103.42,91.0,70,20,8.05,MY,1602912417
548,Villa Luvianos,18.92,-100.4,60.42,98,86,4.59,MX,1602912418
549,Berbérati,4.26,15.79,67.08,97,89,1.23,CF,1602912418
550,Ambon City,-3.7,128.18,87.8,62,40,6.93,ID,1602912418
551,Mananjary,-21.22,48.33,78.35,69,30,0.87,MG,1602912419
552,Annau,37.89,58.52,66.2,22,0,2.24,TM,1602912419
553,Baykit,61.67,96.37,29.1,95,100,7.09,RU,1602912419
554,Florianópolis,-27.61,-48.5,62.6,88,13,5.82,BR,1602912227
555,Goderich,43.75,-81.72,42.01,91,66,7.0,CA,1602912420
556,Mackay,-21.15,149.2,80.6,51,0,16.11,AU,1602912420
557,Samarai,-10.62,150.67,79.45,84,13,12.08,PG,1602912188
558,Wanning,18.8,110.4,78.82,86,100,21.59,CN,1602912421
559,Temerloh,3.45,102.42,93.27,47,87,4.88,MY,1602912416
560,North Myrtle Beach,33.82,-78.68,60.8,87,75,6.93,US,1602912422
561,Arlit,18.74,7.39,85.73,15,0,6.24,NE,1602912422
562,Vila Praia de Âncora,41.81,-8.85,57.0,81,75,10.29,PT,1602912422
563,Acajutla,13.59,-89.83,69.01,100,100,3.74,SV,1602912423
564,Emporia,38.4,-96.18,50.0,46,1,11.41,US,1602912423
565,Tual,-5.67,132.75,81.28,78,100,12.37,ID,1602912424
566,Lakes Entrance,-37.88,147.98,68.0,78,100,3.0,AU,1602912424
567,Whitefish,48.41,-114.34,45.0,100,90,5.82,US,1602912424
568,Kumul,42.8,93.45,59.43,27,0,6.62,CN,1602912425
569,Verkhnevilyuysk,63.45,120.32,23.68,87,49,9.15,RU,1602912425
570,Bahía Solano,6.23,-77.4,78.73,84,100,4.54,CO,1602912426
571,Chase,50.82,-119.69,48.2,78,75,12.75,CA,1602912426
572,Norsup,-16.07,167.38,80.6,74,75,6.93,VU,1602912426
573,General Pico,-35.66,-63.76,67.23,55,0,11.56,AR,1602912426
574,Saquisilí,-0.83,-78.67,50.34,78,81,6.89,EC,1602912427
575,Chambas,22.19,-78.91,80.6,88,72,3.36,CU,1602912427
576,Riyadh,24.69,46.72,75.2,31,0,1.77,SA,1602912235
577,Huambo,-12.78,15.74,61.59,92,72,1.34,AO,1602912428
578,Port-Gentil,-0.72,8.78,78.8,83,90,6.93,GA,1602912428
579,Ust'-Koksa,50.27,85.61,44.24,57,79,1.61,RU,1602912429
580,Maţāy,28.42,30.78,65.97,80,0,12.91,EG,1602912429
581,Presque Isle,46.68,-68.02,50.0,100,90,4.7,US,1602912429
582,Kropotkin,45.44,40.58,63.66,63,0,3.02,RU,1602912429
583,Beringovskiy,63.05,179.32,37.56,79,84,5.99,RU,1602912430
584,Balabac,7.99,117.06,82.33,76,98,7.38,PH,1602912430
585,Leningori,42.13,44.48,59.0,72,0,4.7,GE,1602912430
586,Yako,12.97,-2.27,81.34,51,38,6.93,BF,1602912431
587,Igis,46.95,9.57,39.99,97,100,2.55,CH,1602912431
588,Waterford,42.7,-83.4,41.0,63,75,3.36,US,1602912431
589,Nuevo Emperador,9.0,-79.73,80.6,88,82,5.82,PA,1602912432
590,Akdepe,42.06,59.38,60.8,38,0,2.24,TM,1602912432
591,Worland,44.02,-107.96,51.8,43,90,8.05,US,1602912432
592,Alvor,37.13,-8.59,51.8,76,20,2.24,PT,1602912433
593,Deurne,51.21,4.47,43.0,93,75,2.28,BE,1602912433
594,Washougal,45.58,-122.35,60.01,90,100,1.01,US,1602912434
595,Saint-Joseph,-21.37,55.62,78.8,65,2,9.17,RE,1602912434
596,Tørring,55.85,9.48,45.0,100,53,3.36,DK,1602912434
597,Paita,-5.09,-81.11,63.75,84,52,8.19,PE,1602912434
598,Okulovka,58.4,33.29,31.33,98,0,5.14,RU,1602912435
599,Krasnovishersk,60.41,57.08,31.48,97,100,6.49,RU,1602912435
600,Basco,20.45,121.97,80.92,77,35,21.79,PH,1602912435
601,Shingū,33.73,135.98,57.2,100,75,2.24,JP,1602912436
602,Kovdor,67.57,30.48,30.27,99,100,6.29,RU,1602912436
603,Greymouth,-42.47,171.2,51.87,83,99,8.3,NZ,1602912436
604,Kenai,60.55,-151.26,36.0,63,1,4.7,US,1602912433
605,Christchurch,-43.53,172.63,53.01,66,43,14.99,NZ,1602912437
606,Kalevala,65.2,31.17,36.01,93,100,7.87,RU,1602912437
607,Cururupu,-1.83,-44.87,75.65,89,32,4.05,BR,1602912319
608,Iracoubo,5.48,-53.2,78.46,81,24,10.16,GF,1602912438
609,Jinchang,38.5,102.17,55.45,30,76,9.48,CN,1602912438
610,Yavaros,26.7,-109.52,81.0,70,0,4.0,MX,1602912439
611,Saint-Augustin,51.23,-58.65,46.33,92,29,4.74,CA,1602912439
612,Oshakati,-17.78,15.68,73.4,26,56,4.7,NA,1602912312
613,Faya,18.39,42.45,64.4,23,0,3.36,SA,1602912439
614,Española,35.99,-106.08,53.6,22,1,6.17,US,1602912440
615,Seoul,37.57,126.98,66.2,27,1,4.7,KR,1602912354
616,Tutóia,-2.76,-42.27,78.42,81,23,9.6,BR,1602912440
617,Hyères,43.12,6.12,48.2,81,0,3.36,FR,1602912440
618,Snezhnogorsk,69.19,33.25,24.8,100,40,2.24,RU,1602912441
619,Gerāsh,27.67,54.14,69.8,28,0,2.44,IR,1602912441
620,Estevan,49.13,-102.98,32.0,77,90,5.82,CA,1602912442
621,Sirte,31.21,16.59,75.24,85,87,12.48,LY,1602912309
622,Belyy Yar,53.6,91.39,55.4,47,61,17.9,RU,1602912442
623,Digby,44.62,-65.77,55.0,88,99,1.01,CA,1602912356
624,Cabadiangan,9.75,122.47,85.06,72,38,7.87,PH,1602912443
625,St. George's,12.06,-61.75,82.4,83,20,10.29,GD,1602912443
626,Ashland,40.82,-82.27,35.6,80,1,4.7,US,1602912242
627,Pisco,-13.7,-76.22,63.0,88,12,10.29,PE,1602912444
628,Grindavik,63.84,-22.43,41.0,100,100,4.7,IS,1602912444
629,Lodeynoye Pole,60.73,33.55,33.66,92,22,3.71,RU,1602912445
630,Jambi City,-1.6,103.62,93.09,50,99,4.0,ID,1602912445
631,Morshansk,53.44,41.81,38.46,83,2,4.18,RU,1602912445
632,Kumba,4.64,9.45,71.31,96,100,2.21,CM,1602912446
633,Kibala,9.11,18.35,73.4,94,62,3.76,TD,1602912446
634,Brockville,44.58,-75.68,37.99,73,1,4.41,CA,1602912447
635,Antofagasta,-23.65,-70.4,59.0,77,90,4.7,CL,1602912447
636,Yüksekova,37.57,44.29,44.6,56,0,2.46,TR,1602912448
637,Honāvar,14.28,74.45,83.55,69,13,8.08,IN,1602912448
638,Tabas,33.6,56.92,68.0,12,0,1.12,IR,1602912449
639,Camalú,30.85,-116.07,69.53,72,16,4.16,MX,1602912449
640,Tianpeng,30.99,103.94,62.6,63,40,4.47,CN,1602912449
641,Kavaratti,10.57,72.64,84.2,74,40,5.82,IN,1602912450
642,Mahon,39.89,4.27,57.2,82,40,8.05,ES,1602912450
643,Mayumba,-3.43,10.66,76.1,87,100,6.17,GA,1602912450
644,Aguililla,18.73,-102.73,67.32,86,96,4.09,MX,1602912450
645,Baghdad,33.34,44.4,73.4,35,0,8.05,IQ,1602912274
646,Newtonmore,57.07,-4.12,44.01,93,75,3.36,GB,1602912451
647,Comodoro Rivadavia,-45.87,-67.5,62.6,36,26,10.29,AR,1602912451
648,Stonewall,50.13,-97.33,25.0,62,40,5.82,CA,1602912452
649,Panama City,8.99,-79.52,80.6,88,96,5.82,PA,1602912186
650,Pedasí,7.53,-80.03,79.7,84,14,5.21,PA,1602912452
651,Anadyr,64.75,177.48,35.6,80,40,4.47,RU,1602912453
652,Aykhal,66.0,111.5,15.8,85,0,2.24,RU,1602912453
653,Volary,48.91,13.89,39.99,86,100,3.18,CZ,1602912453
654,Keti Bandar,24.14,67.45,92.97,19,28,17.11,PK,1602912453
655,Kangaatsiaq,68.31,-53.46,42.39,79,100,21.36,GL,1602912454
656,Marsá Maţrūḩ,31.35,27.25,68.0,60,12,7.54,EG,1602912454
657,Taguatinga,-12.39,-46.57,80.74,25,2,2.39,BR,1602912455
658,Biltine,14.53,20.92,79.41,19,30,3.69,TD,1602912455
659,Sa Kaeo,13.75,102.33,80.58,86,100,8.72,TH,1602912455
660,Jiangyou,31.77,104.72,62.19,64,94,2.33,CN,1602912455
661,Ardakān,32.31,54.02,59.0,13,0,4.7,IR,1602912456
662,Altamira,-3.2,-52.21,73.89,92,7,4.38,BR,1602912456
663,Torata,-17.08,-70.84,56.41,48,42,1.97,PE,1602912456
664,Horki,54.29,30.98,35.6,89,75,6.71,BY,1602912457
665,Jaumave,23.42,-99.38,69.01,64,71,1.99,MX,1602912457
666,Katobu,-4.94,122.53,92.52,42,61,1.7,ID,1602912457
667,Kérouané,9.27,-9.02,68.58,90,88,3.18,GN,1602912457
668,Morondava,-20.28,44.28,75.27,64,0,2.59,MG,1602912458
669,Methóni,36.82,21.7,75.0,77,75,9.17,GR,1602912289
670,Coquimbo,-29.95,-71.34,50.0,93,1,3.36,CL,1602912458
671,Palm Coast,29.59,-81.21,75.99,94,1,5.44,US,1602912459
672,St. Pete Beach,27.73,-82.74,79.0,1,100,13.58,US,1602912459
673,Newport,51.59,-3.0,50.0,94,59,9.91,GB,1602912459
674,Kiunga,-6.12,141.29,89.42,55,80,3.29,PG,1602912459
675,Iguaí,-14.76,-40.09,65.68,92,14,2.37,BR,1602912289
676,Worthington,40.09,-83.02,37.99,74,1,3.36,US,1602912460
677,Mwinilunga,-11.74,24.43,66.58,63,0,5.99,ZM,1602912460
678,Petrovsk-Zabaykal'skiy,51.27,108.84,36.03,67,93,10.45,RU,1602912461
679,Kiruna,67.86,20.23,37.4,86,87,6.93,SE,1602912461
680,Bela,25.93,81.98,91.35,48,0,2.8,IN,1602912461
681,Vylkove,45.4,29.59,64.76,77,97,10.87,UA,1602912461
682,Puerto Carreño,6.19,-67.49,76.57,90,67,3.11,CO,1602912462
683,Deputatsky,69.3,139.9,13.33,96,100,11.01,RU,1602912462
684,Shakawe,-18.37,21.85,66.58,35,25,5.26,BW,1602912462
685,Lerwick,60.15,-1.15,42.8,87,100,5.82,GB,1602912463
686,Eyl,7.98,49.82,83.12,67,56,13.78,SO,1602912463
687,Olavarría,-36.89,-60.32,59.0,91,0,4.0,AR,1602912463
688,Kamalpur,24.2,91.83,93.2,63,40,2.24,IN,1602912463
689,Matveyevka,52.15,56.18,55.4,66,40,11.18,RU,1602912464
690,Bintulu,3.17,113.03,91.4,66,40,2.24,MY,1602912464
691,Ust-Nera,64.57,143.2,17.11,88,100,7.18,RU,1602912464
692,Nīlēshwar,12.25,75.1,84.2,89,20,3.36,IN,1602912465
